time,ur20-shoulder_pan_joint,ur20-shoulder_lift_joint,ur20-elbow_joint,ur20-wrist_1_joint,ur20-wrist_2_joint,ur20-wrist_3_joint,target-POS_X,target-POS_Y,target-POS_Z,target-ROT_X,target-ROT_Y,target-ROT_Z,target-ROT_W
0.0,-2.7713358402252197,-2.3488078117370605,-2.2953736782073975,-1.9662593603134155,-1.2188048362731934,0.11650532484054565,0.782412052154541,0.031024320051074028,-0.07409752160310745,0.5703973634884656,0.570539497592472,0.41786271233217404,0.41775864210658287
1.0,-2.7583203315734863,-2.316739082336426,-2.257098436355591,-2.1646931171417236,-1.2233483791351318,0.16521093249320984,0.7865855693817139,0.04378742352128029,-0.05919335409998894,0.5944552690670996,0.5944492513590101,0.382916473923032,0.3829203502497962
2.0,-2.759514808654785,-2.302475929260254,-2.247269630432129,-2.201510190963745,-1.2871360778808594,0.1405535638332367,0.7909026741981506,0.054643671959638596,-0.05040774121880531,0.5783854204372446,0.6180922774762386,0.38873112820203115,0.36375864514351336
3.0,-2.850369691848755,-2.300168752670288,-2.2517871856689453,-2.141610860824585,-1.542622447013855,0.012255817651748657,0.795314610004425,0.024018539115786552,-0.04794938117265701,0.5095393250934325,0.6631516839942151,0.43475445949458913,0.3340480207223712
4.0,-2.801502227783203,-2.3631668090820312,-2.293233871459961,-1.8135292530059814,-1.2361209392547607,0.06198227033019066,0.8081244826316833,0.01897285133600235,-0.06958518922328949,0.5420874208806034,0.5420528673578118,0.45403393834561084,0.4540628810446461
5.0,-2.775242328643799,-2.4449093341827393,-2.330714702606201,-1.4661047458648682,-1.2047466039657593,-0.014845973812043667,0.8066158890724182,0.03503451496362686,-0.09100951254367828,0.49022653117455856,0.49023305113357774,0.5095863081728775,0.5095795308208128
6.0,-2.6316967010498047,-2.3548693656921387,-2.2808938026428223,-1.9044380187988281,-0.8597186207771301,0.16988201439380646,0.7905721664428711,0.09642990678548813,-0.06371311843395233,0.60212453594342,0.4834695651115489,0.39780388346197504,0.49543444887123306
7.0,-2.5265567302703857,-2.4446725845336914,-2.0863561630249023,-1.429610252380371,0.27701565623283386,-0.31104132533073425,0.8573866486549377,0.17788031697273254,-0.09162773936986923,0.7257558345683438,0.12893281135847634,0.11820056289280677,0.6653445916794019
8.0,0.1483583003282547,-0.6346104741096497,1.8458534479141235,-1.2112430334091187,-2.993234395980835,-5.519801504760835e-09,0.9104158282279968,0.1850000023841858,-0.09405393898487091,0.7071067811865475,0.0,0.0,0.7071067811865476
9.0,0.14626294374465942,-0.6302180886268616,1.8254965543746948,-1.195278525352478,-2.9953296184539795,-5.599166463809979e-09,0.9240792989730835,0.1850000023841858,-0.09292794018983841,0.7071067811865475,0.0,0.0,0.7071067811865476
10.0,0.14746908843517303,-0.6504989862442017,1.8415532112121582,-1.191054344177246,-2.9941234588623047,-5.5532067833041765e-09,0.9161679148674011,0.1850000023841858,-0.07777459919452667,0.7071067811865475,0.0,0.0,0.7071067811865476
11.0,0.14756977558135986,-0.6548802852630615,1.8434711694717407,-1.1885908842086792,-2.994022846221924,-5.54940449148944e-09,0.9155132174491882,0.1850000023841858,-0.07410674542188644,0.7071067811865475,0.0,0.0,0.7071067811865476
12.0,0.14821667969226837,-0.6646631956100464,1.8515397310256958,-1.1868765354156494,-2.9933760166168213,-5.525095048142248e-09,0.9113274216651917,0.1850000023841858,-0.06697677820920944,0.7071067811865475,0.0,0.0,0.7071067811865476
13.0,0.14654485881328583,-0.665344774723053,1.8361845016479492,-1.1708396673202515,-2.9950478076934814,-5.588356888353019e-09,0.9222187399864197,0.1850000023841858,-0.06205063313245773,0.7071067811865475,0.0,0.0,0.7071067811865476
14.0,0.14565975964069366,-0.6516107320785522,1.8248622417449951,-1.1732515096664429,-2.9959328174591064,-5.622435850227703e-09,0.9280837774276733,0.1850000023841858,-0.07209650427103043,0.7071067811865475,0.0,0.0,0.7071067811865476
15.0,0.14464589953422546,-0.6618238091468811,1.8172904253005981,-1.1554666757583618,-2.9969468116760254,-5.6619842148109e-09,0.9348882436752319,0.1850000023841858,-0.06000053137540817,0.7071067811865475,0.0,0.0,0.7071067811865476
16.0,0.1445303112268448,-0.6763468980789185,1.8190056085586548,-1.1426587104797363,-2.9970624446868896,-5.666528135606086e-09,0.9356699585914612,0.1850000023841858,-0.04636048525571823,0.7071067811865475,0.0,0.0,0.7071067811865476
17.0,0.1432436853647232,-0.6812168955802917,1.8071110248565674,-1.1258941888809204,-2.9983489513397217,-5.717601947452522e-09,0.9444543123245239,0.1850000023841858,-0.0379282608628273,0.7071067811865475,0.0,0.0,0.7071067811865476
18.0,0.14178693294525146,-0.6658465266227722,1.7894976139068604,-1.1236510276794434,-2.9998056888580322,-5.7765467964543404e-09,0.9545886516571045,0.1850000023841858,-0.047578953206539154,0.7071067811865475,0.0,0.0,0.7071067811865476
19.0,0.1396852433681488,-0.6560811996459961,1.7656102180480957,-1.10952889919281,-3.0019073486328125,-5.863749485968128e-09,0.969573974609375,0.1850000023841858,-0.04970882833003998,0.7071067811865475,0.0,0.0,0.7071067811865476
20.0,0.13876134157180786,-0.6431618332862854,1.7530874013900757,-1.109925627708435,-3.002831220626831,-5.902918154276904e-09,0.9763022065162659,0.1850000023841858,-0.05870550870895386,0.7071067811865475,0.0,0.0,0.7071067811865476
21.0,0.135940283536911,-0.6297709345817566,1.7189462184906006,-1.0891753435134888,-3.00565242767334,-6.025806964515823e-09,0.9974008798599243,0.1850000023841858,-0.06112369894981384,0.7071067811865475,0.0,0.0,0.7071067811865476
22.0,0.13504137098789215,-0.624162495136261,1.707406997680664,-1.0832445621490479,-3.0065512657165527,-6.0660418910174485e-09,1.004305362701416,0.1850000023841858,-0.06302542239427567,0.7071067811865475,0.0,0.0,0.7071067811865476
23.0,0.1344083994626999,-0.6307578682899475,1.7037702798843384,-1.0824973583221436,-3.0070669651031494,-0.009399265982210636,1.0092025995254517,0.18499991297721863,-0.05508565157651901,0.7075563857532357,-3.941692267481603e-05,-3.93668135748546e-05,0.7066568883668923
24.0,0.13617970049381256,-0.6425105333328247,1.7249151468276978,-1.0849170684814453,-3.005382537841797,-0.0024891882203519344,0.9955723285675049,0.1850000023841858,-0.05004214122891426,0.7072273898915142,-1.0566221152532075e-05,-1.056261698487008e-05,0.7069861517484076
25.0,0.13424187898635864,-0.6480842232704163,1.708020806312561,-1.0808465480804443,-3.0070760250091553,-0.020721109583973885,1.0104767084121704,0.18499957025051117,-0.03870562091469765,0.7080974742419559,-8.695187059161617e-05,-8.670839195432633e-05,0.7061146874928955
26.0,0.13182324171066284,-0.6494489908218384,1.6841812133789062,-1.076887607574463,-3.0091657638549805,-0.04178668558597565,1.0296742916107178,0.1849982887506485,-0.028906676918268204,0.7090713914264322,-0.00017279240251000136,-0.00017183355828227185,0.7051366551786948
27.0,0.1304577738046646,-0.6338117718696594,1.6648706197738647,-1.0759881734848022,-3.0104897022247314,-0.04454425349831581,1.0408482551574707,0.18499809503555298,-0.038361791521310806,0.7091796208592656,-0.000182352783967486,-0.0001812852141164409,0.7050278003320449
28.0,0.13026180863380432,-0.6454373002052307,1.666670799255371,-1.075042963027954,-3.0105276107788086,-0.05334887281060219,1.0424410104751587,0.18499726057052612,-0.02672084979712963,0.7095875126742788,-0.0002184270783503558,-0.00021689711234397055,0.7046172486548882
29.0,0.12861952185630798,-0.6363325715065002,1.6461656093597412,-1.0735855102539062,-3.011991500854492,-0.06321921199560165,1.0562033653259277,0.18499624729156494,-0.02872520312666893,0.7100118107789192,-0.0002560193279877415,-0.00025391995155889973,0.7041896751111892
30.0,0.12703679502010345,-0.6077959537506104,1.6013953685760498,-0.9879651069641113,-3.010416269302368,0.005585864651948214,1.06935715675354,0.1849990338087082,-0.041277747601270676,0.706844666313889,-0.0014622913088605638,-0.0014633692916006847,0.7073657738101636
31.0,0.12588341534137726,-0.6052937507629395,1.6209590435028076,-1.1477543115615845,-3.0119640827178955,-0.1309935450553894,1.0794427394866943,0.18498367071151733,-0.05303024500608444,0.7131000028332034,-0.0009371795117685582,-0.0009213575443201447,0.7010610948798427
32.0,0.12768781185150146,-0.5936461091041565,1.6078929901123047,-1.0107451677322388,-3.011350631713867,0.003472120501101017,1.0639666318893433,0.18499964475631714,-0.059463981539011,0.7069453992130437,-0.0009025271899786371,-0.0009029377325903768,0.7072669741191319
33.0,0.12954698503017426,-0.5962013006210327,1.633923888206482,-1.0377225875854492,-3.0120456218719482,-6.324084367292926e-09,1.0485498905181885,0.1850000023841858,-0.06657645106315613,0.7071067811865475,0.0,0.0,0.7071067811865476
34.0,0.13189545273780823,-0.6154533624649048,1.6678791046142578,-1.052425742149353,-3.009697198867798,-6.211161807101462e-09,1.0291955471038818,0.1850000023841858,-0.05831155180931091,0.7071067811865475,0.0,0.0,0.7071067811865476
35.0,0.1331193745136261,-0.611571192741394,1.6819406747817993,-1.0703694820404053,-3.0084731578826904,-6.153888509885519e-09,1.0193748474121094,0.1850000023841858,-0.0674239918589592,0.7071067811865475,0.0,0.0,0.7071067811865476
36.0,0.13198985159397125,-0.5911225080490112,1.6634019613265991,-1.072279453277588,-3.0096027851104736,-6.206706704148246e-09,1.02843177318573,0.1850000023841858,-0.08262494206428528,0.7071067811865475,0.0,0.0,0.7071067811865476
37.0,0.13128218054771423,-0.626499593257904,1.6624765396118164,-1.0359768867492676,-3.010310411453247,-6.240261196666097e-09,1.0341840982437134,0.1850000023841858,-0.04454324394464493,0.7071067811865475,0.0,0.0,0.7071067811865476
38.0,0.1265174150466919,-0.6609432697296143,1.7197211980819702,-1.4932774305343628,-2.9917871952056885,-0.43021446466445923,1.0688897371292114,0.18477769196033478,-0.02399280108511448,0.728972493166749,-0.003480156604991015,-0.003267968212682423,0.6845263421520167
39.0,0.12614263594150543,-0.6326735019683838,1.667002558708191,-1.3072110414505005,-3.0048105716705322,-0.27045631408691406,1.075552225112915,0.1849239468574524,-0.03940479829907417,0.7199794367081128,-0.002029540807195759,-0.001956278601976769,0.6939896718652316
40.0,0.12525559961795807,-0.6363244652748108,1.6489014625549316,-1.2610913515090942,-3.006779909133911,-0.24635003507137299,1.0837361812591553,0.1849382370710373,-0.029052432626485825,0.7186971013749403,-0.001963200240185771,-0.0018993375231010341,0.6953179235695347
41.0,0.1252998262643814,-0.5751293301582336,1.5665745735168457,-0.9706332087516785,-2.999744176864624,0.020603086799383163,1.0825170278549194,0.18498452007770538,-0.06342174857854843,0.7060417617703582,-0.005831437982756404,-0.005848619462426966,0.7081220365287654
42.0,0.04869198799133301,-0.4588821232318878,1.2330576181411743,-0.7255635857582092,-2.327221155166626,0.03337746486067772,1.167993426322937,0.15212972462177277,-0.04499273747205734,0.644299376725248,-0.25924448132728506,-0.2685742740840651,0.6674866825285891
43.0,-0.1596195101737976,-0.5254858732223511,1.2796838283538818,-1.0236390829086304,-1.420819640159607,0.04123854264616966,1.1928437948226929,0.03490480035543442,-0.024400988593697548,-0.46682363235727964,0.6431780544372645,0.49121069421153396,-0.35652452994888534
44.0,-0.18233570456504822,-0.7463460564613342,1.61298668384552,-1.7366827726364136,-1.3180726766586304,0.288156658411026,1.1547523736953735,0.030702609568834305,0.049269743263721466,-0.450261433559999,0.8168860510747049,0.31571863540608996,-0.17402173503728127
45.0,-0.15562285482883453,-0.8139145374298096,1.8515479564666748,-2.435969352722168,-1.597716212272644,-0.1533108949661255,1.1100404262542725,0.02509886585175991,0.05610519275069237,0.7044215435324488,-0.7044107991478843,-0.061626289822498855,0.06162722980886746
46.0,-0.16710726916790009,-0.8140597939491272,1.8520243167877197,-2.436615228652954,-1.5996832847595215,-0.16461829841136932,1.1099674701690674,0.012090208008885384,0.05611805617809296,0.7044174747558075,-0.7044148391740142,-0.06162680906263617,0.061627039640540046
47.0,-0.16337820887565613,-0.8267842531204224,1.877479076385498,-2.4492363929748535,-1.5990464687347412,-0.16095075011253357,1.0940814018249512,0.01893887110054493,0.05891923978924751,0.7044201906544033,-0.7044118472513451,-0.06162813674935444,0.0616288667035558
48.0,-0.15139620006084442,-0.8231735229492188,1.8700259923934937,-2.445075750350952,-1.5969924926757812,-0.1491546481847763,1.0984251499176025,0.03165767341852188,0.05815332010388374,0.70442476302794,-0.7044074408295862,-0.06162679509339485,0.061628310567955535
49.0,-0.14628276228904724,-0.8356310725212097,1.8950670957565308,-2.4582018852233887,-1.5960114002227783,-0.14410310983657837,1.0826481580734253,0.039725471287965775,0.06093459203839302,-0.7044351518809125,0.7044388814706564,0.061388186855721956,-0.0613878618413554
50.0,-0.1752028912305832,-0.8375036716461182,1.9336858987808228,-2.4943344593048096,-1.5965300798416138,-0.146499365568161,1.0588163137435913,0.012663513422012329,0.04926631599664688,-0.6950293646408319,0.7136792604693969,0.06243873125511989,-0.06080707444095086
51.0,-0.1681625247001648,-0.8513934016227722,1.961927056312561,-2.508429765701294,-1.5948792695999146,-0.13701976835727692,1.040668249130249,0.02343721315264702,0.05246608331799507,-0.6941078770134123,0.7145742879768882,0.06252427463474551,-0.060733492503362185
52.0,-0.18900685012340546,-0.8491268157958984,1.9579174518585205,-2.508131980895996,-1.60338294506073,-0.1859852522611618,1.043504238128662,-8.60004365677014e-05,0.05196743085980415,-0.7043394077334082,0.7044950214446792,0.06162159037435026,-0.061607978973087674
53.0,-0.19547519087791443,-0.8619181513786316,1.984271764755249,-2.5222697257995605,-1.6064283847808838,-0.20358359813690186,1.0266213417053223,-0.003976020030677319,0.054944153875112534,0.7083362712680192,-0.7004746258967575,-0.061279124074657264,0.06196688013414446
54.0,-0.20422516763210297,-0.856235682964325,1.9727739095687866,-2.5168538093566895,-1.6083296537399292,-0.21461611986160278,1.0339256525039673,-0.014786213636398315,0.05365608632564545,0.7091894460197482,-0.6996105665926591,-0.06120499201104465,0.06204299895257675
55.0,-0.20905184745788574,-0.8673461079597473,1.9954595565795898,-2.5284383296966553,-1.608370065689087,-0.2148517668247223,1.0192965269088745,-0.016696926206350327,0.05623578652739525,0.7075827867089651,-0.7012355281179593,-0.06134694704576815,0.06190223054515817
56.0,-0.1607808917760849,-0.8520883321762085,2.0539395809173584,-2.775082588195801,-1.858190655708313,-1.5793862342834473,1.0024114847183228,-0.003254122566431761,0.057842619717121124,0.9868152913071482,-0.07541234957715552,-0.010912134947871624,0.1427917493573086
57.0,-0.16123569011688232,-0.8706516027450562,2.0368075370788574,-2.605681896209717,-1.8468436002731323,-1.119694709777832,0.9935844540596008,-0.000570652715396136,0.05762817710638046,0.94511382015929,-0.289294110293127,-0.0444549325223643,0.14523272244247662
58.0,-0.18959221243858337,-0.8869248628616333,2.035052537918091,-2.547485589981079,-1.6036291122436523,-0.18737533688545227,0.9936448931694031,0.008832319639623165,0.06075902655720711,0.7046292490080551,-0.704203300679068,-0.061606574543918234,0.061643837713231585
59.0,-0.2033900022506714,-0.8872278928756714,2.035860061645508,-2.5484495162963867,-1.6059842109680176,-0.2009993940591812,0.9931546449661255,-0.005142273381352425,0.06084546819329262,0.704636361282216,-0.7041959395046833,-0.061607337907593485,0.061645868150383656
60.0,-0.19768574833869934,-0.8713877201080322,2.076319932937622,-2.7644264698028564,-1.7144986391067505,-1.4920358657836914,0.9893693327903748,-0.01571592502295971,0.06095113232731819,0.9879469366167836,-0.13702384467416429,-0.009892651267203479,0.0713263757044263
61.0,-0.2921811044216156,-0.8657962083816528,2.0447731018066406,-2.520874261856079,-1.1087485551834106,1.0892033576965332,0.997672438621521,-0.01836530864238739,0.048669274896383286,-0.06541819235957659,0.9652031578215322,0.2526068118031011,-0.017120831475730694
62.0,-0.30604201555252075,-0.8490017056465149,2.0561673641204834,-2.5683650970458984,-0.9257000088691711,1.2307552099227905,1.002843976020813,-0.008774724788963795,0.04854517802596092,0.017120214991507444,0.9436547342623833,0.3304341115548185,0.005994886472079149
63.0,-0.3163162171840668,-0.8566753268241882,2.067542552947998,-2.5158023834228516,-0.8769181966781616,1.168250322341919,0.9901584982872009,-0.008762562647461891,0.049372218549251556,0.004848468213782345,0.9331974757109339,0.3593264231608754,0.0018668961224797978
64.0,-0.29195669293403625,-0.8538349270820618,2.1164464950561523,-2.7770025730133057,-1.0339542627334595,1.4608339071273804,0.9798546433448792,-0.0022089052945375443,0.05034874007105827,0.0950304256733573,0.9591401849025593,0.26519602709738704,0.026275294730732524
65.0,-0.3080780506134033,-0.862917423248291,2.118520498275757,-2.687338352203369,-0.9531456232070923,1.3336594104766846,0.9711289405822754,-0.004318089224398136,0.05173806473612785,0.054806588198868675,0.9490426335631977,0.30982927277989186,0.017892436897001956
66.0,-0.325417160987854,-0.8662932515144348,2.095823049545288,-2.515164375305176,-0.8457601070404053,1.1545729637145996,0.9710962176322937,-0.007532794959843159,0.05077069252729416,0.008333365642594234,0.9268522536227443,0.37531862156144474,0.003374504515381311
67.0,-0.258699893951416,-0.6717203855514526,1.589228868484497,0.6868533492088318,1.2049747705459595,-1.6643900871276855,0.9873995184898376,0.003719012252986431,0.055435456335544586,0.08411449212586002,0.9795799323752734,0.18194456260211392,0.015623202027399693
68.0,-0.20122602581977844,-0.6303659677505493,1.512838363647461,0.8719450831413269,1.4928361177444458,-2.7445061206817627,0.9974377751350403,0.01393970102071762,0.0594555027782917,-0.46182634344474555,0.8813726515485903,0.08812686791626839,-0.04617718867505702
69.0,-0.17675930261611938,-0.620184600353241,1.485324501991272,0.8776203393936157,1.6006494760513306,2.9713938236236572,1.009812593460083,0.019126616418361664,0.057908184826374054,-0.7030109937006109,0.7058196284923284,0.06174331753939714,-0.0614976219886608
70.0,-0.18630453944206238,-0.6131381988525391,1.47052800655365,0.8847595453262329,1.6040245294570923,2.951920509338379,1.0175925493240356,0.007516587618738413,0.05653631314635277,0.706604570771735,-0.7022218257647923,-0.06142978336572558,0.06181318386634044
71.0,-0.2466374933719635,-0.6475055813789368,1.535979151725769,0.7600436806678772,1.2529361248016357,-1.8150044679641724,1.0081268548965454,0.003191976808011532,0.056946270167827606,0.007347027008435257,0.9866435203007611,0.16272405099339507,0.001211722310578821
72.0,-0.3143855333328247,-0.5773436427116394,1.5272340774536133,0.9156667590141296,0.8417851328849792,-1.9984406232833862,1.0072276592254639,-0.008078942075371742,0.050249792635440826,-4.1899286887932796e-05,0.9256529812858598,0.37837356697808316,-1.712691775325666e-05
73.0,-0.12345894426107407,-0.6026468276977539,1.4689850807189941,0.8250197172164917,1.9930319786071777,1.858238697052002,1.0162993669509888,0.012711758725345135,0.049092985689640045,0.9580701947870709,-0.18675761947311148,-0.04157764866240576,0.2132941456325184
74.0,-0.12544254958629608,-0.6168735027313232,1.4801254272460938,0.7636152505874634,1.9844402074813843,1.709542989730835,1.01924467086792,0.011548479087650776,0.04903615266084671,0.9705392459509518,-0.12314700587189892,-0.026068283477054994,0.20544788052035068
75.0,-0.25547361373901367,-0.616279125213623,1.4827795028686523,0.7949088215827942,1.1556991338729858,-1.792403221130371,1.037767767906189,0.0010109988506883383,0.053017523139715195,0.02588355990057066,0.9772366899368944,0.21049325411930908,0.005575225405262161
76.0,-0.2988722026348114,-0.5541263818740845,1.4472777843475342,0.9375545978546143,0.8758726119995117,-1.964418649673462,1.0491697788238525,-0.00954081304371357,0.04859158769249916,-7.448779716101655e-05,0.9333553515053306,0.3589537316246874,-2.8646830299395396e-05
77.0,-0.2908603549003601,-0.552585244178772,1.4244951009750366,0.9239805936813354,0.9302936792373657,-1.936699628829956,1.0608930587768555,-0.011513389647006989,0.045851271599531174,-4.934644388775688e-05,0.9438137130600595,0.3304779452643661,-1.7278739454787088e-05
78.0,-0.19608677923679352,-0.5747174620628357,1.3903683423995972,0.9262081980705261,1.605384349822998,2.9440252780914307,1.057934284210205,-0.010660241357982159,0.0494229681789875,0.7059816335303433,-0.7028495191535318,-0.061476530231658534,0.06175048804789757
79.0,-0.2042771428823471,-0.5745603442192078,1.3888407945632935,0.923098623752594,1.6269809007644653,2.8192639350891113,1.058493971824646,-0.022865567356348038,0.04932374507188797,0.7462550250923707,-0.6598514765855237,-0.05812392110046071,0.0657348930796762
80.0,-0.17342466115951538,-0.588698148727417,1.4175419807434082,0.8846157789230347,1.763570785522461,2.214137554168701,1.0442155599594116,-0.008880747482180595,0.05053459480404854,0.9139050967013942,-0.38798225062842484,-0.04664373723203606,0.10987087511049752
81.0,-0.20598161220550537,-0.6176989674568176,1.4367858171463013,0.7979229092597961,1.3532007932662964,-1.7818266153335571,1.0603046417236328,0.01782536879181862,0.060063447803258896,-3.8061822761408907e-17,0.9938251564744002,0.11095746193309532,-4.249482842997948e-18
82.0,-0.17596599459648132,-0.6502977013587952,1.492470145225525,0.7413760423660278,1.5079931020736694,-1.7471133470535278,1.0313037633895874,0.030617672950029373,0.06254621595144272,2.4761941425229323e-05,0.9994867117695757,0.03202678901633818,-0.0007727665821391977
83.0,-0.07470967620611191,-0.5479484796524048,1.3963624238967896,0.832597553730011,2.201233148574829,1.756361961364746,1.050850510597229,0.0316932275891304,0.03229234740138054,0.9434742892808355,-0.10625772350158262,-0.035136300912319,0.31197916920923185
84.0,-0.27643483877182007,-0.49673402309417725,1.341101050376892,1.1285102367401123,0.9576184153556824,-2.207193613052368,1.0852365493774414,-0.006648476235568523,0.048564910888671875,-0.1079320145393135,0.9298661754142828,0.34936391428809604,-0.04055158999594856
85.0,-0.30357053875923157,-0.4705616235733032,1.3422735929489136,1.1398977041244507,0.8788028955459595,-2.2074618339538574,1.084328293800354,-0.02586556226015091,0.029868947342038155,-0.07906355859634562,0.9175695057027464,0.38819620274489847,-0.03344942571916022
86.0,-0.30115756392478943,-0.45519140362739563,1.3104887008666992,1.154505968093872,0.8777768611907959,-2.204631805419922,1.0988657474517822,-0.02761843241751194,0.025526007637381554,-0.07906599313799849,0.9175691263127743,0.3881965113122015,-0.03345049733187454
87.0,-0.21867462992668152,-0.5485661625862122,1.3093417882919312,0.9804679155349731,1.6084696054458618,2.926158905029297,1.0967940092086792,-0.04378849267959595,0.058440495282411575,-0.704408577897076,0.7044241798049606,0.061625070034040906,-0.06162370513387825
88.0,-0.23488342761993408,-0.5615522265434265,1.335585594177246,0.9656793475151062,1.610990047454834,2.910193681716919,1.0837781429290771,-0.05904890224337578,0.06073543056845665,-0.7044164754021495,0.7044736322020245,0.06129820718000226,-0.06129323380779497
89.0,-0.23602023720741272,-0.5401371717453003,1.2914172410964966,0.9892610907554626,1.6114002466201782,2.909039258956909,1.104125738143921,-0.06525591015815735,0.05714801698923111,-0.7044131949162724,0.7044216131049513,0.06161303656725172,-0.061612300260830255
90.0,-0.2019100934267044,-0.5340461134910583,1.2795811891555786,0.996311604976654,1.6056232452392578,2.9426822662353516,1.1111449003219604,-0.027766874060034752,0.055910442024469376,-0.7044115026651444,0.7044209836925728,0.06162635344456066,-0.06162552399572404
91.0,-0.19801436364650726,-0.5513084530830383,1.3154065608978271,0.9778965711593628,1.6049588918685913,2.9465463161468506,1.0946249961853027,-0.019998833537101746,0.05882339924573898,-0.7044029836649269,0.7044285773608737,0.0616323454774436,-0.06163010621630761
92.0,-0.18418645858764648,-0.5345737338066101,1.2809159755706787,0.9960898160934448,1.6026017665863037,2.9601564407348633,1.1108533143997192,-0.007482550572603941,0.055961862206459045,-0.7044112526851736,0.7044210302660983,0.0616275289222232,-0.061626673513129754
93.0,-0.17815090715885162,-0.5533384084701538,1.3198233842849731,0.976141095161438,1.6015726327896118,2.96610164642334,1.092729091644287,0.00265136337839067,0.05915771424770355,-0.7044126765218107,0.70441910191545,0.06163026571525937,-0.06162970355174752
94.0,-0.2358037382364273,-0.6404746770858765,1.464493989944458,0.7495047450065613,1.5642544031143188,-1.8066051006317139,1.0452208518981934,-0.04338030144572258,0.06276923418045044,1.9662075655865654e-06,0.9999937203410049,0.0034990744687071963,-0.0005619186352149654
95.0,-0.23960408568382263,-0.6568741798400879,1.5043317079544067,0.727187991142273,1.5602144002914429,-1.8104139566421509,1.0244255065917969,-0.04167240113019943,0.06276502460241318,3.4356509472885227e-06,0.9999841510750893,0.005596492962655325,-0.0006138838232214489
96.0,-0.28501832485198975,-0.6422991752624512,1.4875431060791016,0.7655091285705566,1.420140266418457,-1.8311179876327515,1.0308244228363037,-0.06844503432512283,0.06143920496106148,0.013813825009451516,0.9968706190272714,0.07782662838943633,0.0010784583096016735
97.0,-0.27873098850250244,-0.6264402270317078,1.4485070705413818,0.7894523739814758,1.4325445890426636,-1.858267068862915,1.0504059791564941,-0.06941918283700943,0.061632100492715836,-0.0029522507112087976,0.997401589477879,0.0719813040168981,-0.00021306047325907212
98.0,-0.3197629749774933,-0.6040158271789551,1.4262560606002808,0.8400679230690002,1.3022708892822266,-1.9038052558898926,1.056868553161621,-0.09510106593370438,0.058386169373989105,-0.00043385339068058456,0.9899819336446178,0.14119340990187865,-6.187712860094756e-05
99.0,-0.3318345844745636,-0.6361660361289978,1.4992867708206177,0.776056170463562,1.282759666442871,-1.8073744773864746,1.0233582258224487,-0.09366540610790253,0.05799388512969017,0.051990285678834985,0.9877136995023624,0.1471687785741376,0.00774652330961505
100.0,-0.3208313286304474,-0.5989573001861572,1.4318699836730957,0.8520760536193848,1.2418303489685059,-1.9119280576705933,1.053947925567627,-0.08590278774499893,0.0561954565346241,-0.0006531998862803328,0.9849396944276292,0.1728969592649996,-0.00011466313386073846
101.0,-0.3727266788482666,-0.6033939719200134,1.4677611589431763,0.8384540677070618,1.1516584157943726,-1.8862082958221436,1.0332965850830078,-0.12077833712100983,0.05237598344683647,0.04168298772812327,0.9751963482212214,0.21718295331132464,0.009283088980634463
102.0,-0.37995409965515137,-0.6164750456809998,1.4991024732589722,0.8087561130523682,1.1382142305374146,-1.852178692817688,1.0189940929412842,-0.12085653841495514,0.051914263516664505,0.06094657146661617,0.9731044240756245,0.22172157308399812,0.013886659067937837
103.0,-0.4137326776981354,-0.6463211178779602,1.58811354637146,0.7327185273170471,1.0646973848342896,-1.7823020219802856,0.9756394624710083,-0.1271657645702362,0.04846566170454025,0.11050604407076854,0.9606037549155595,0.25333673966998743,0.029143380025972172
104.0,-0.36421287059783936,-0.6723374724388123,1.5921878814697266,0.6910929679870605,1.2101778984069824,-1.6841480731964111,0.9795956015586853,-0.10006413608789444,0.05561373010277748,0.1266203773769137,0.9754125769718078,0.17888089368911836,0.0232209084905704
105.0,-0.30208054184913635,-0.6651197075843811,1.5402151346206665,0.7162190079689026,1.3795952796936035,-1.6783630847930908,1.0069406032562256,-0.0725335106253624,0.060744695365428925,0.09762978193770236,0.9905823766500758,0.09553183007811465,0.009415423039379723
106.0,-0.2941766083240509,-0.6799675822257996,1.5680663585662842,0.6869251728057861,1.4083997011184692,-1.5969380140304565,0.9939121603965759,-0.06503266096115112,0.06132371351122856,0.13334605235059452,0.9877427445536912,0.08040690249328684,0.010854995876982864
107.0,-0.29469355940818787,-0.659796416759491,1.5439316034317017,0.763615608215332,1.4215986728668213,-2.049316644668579,0.995606005191803,-0.06817340850830078,0.061228033155202866,-0.08860615038940878,0.9925376350974666,0.0834416263216226,-0.007449028466863011
108.0,-0.3727923631668091,-0.7683491110801697,1.764806866645813,0.3457687497138977,1.1829304695129395,-1.019355297088623,0.9260561466217041,-0.08367469906806946,0.04834642633795738,0.4149601572230258,0.88239953379989,0.20068104020594,0.09437293451536148
109.0,-0.4221142828464508,-0.7364577651023865,1.7475630044937134,0.41355448961257935,1.0514657497406006,-1.2824922800064087,0.9232328534126282,-0.11034604161977768,0.04203856736421585,0.3176563851525298,0.9102436044337854,0.25078204986164526,0.08751779834073407
110.0,-0.4396041929721832,-0.7927228212356567,1.8736441135406494,0.1267060786485672,1.0138663053512573,-0.9474644064903259,0.8853896260261536,-0.1041472926735878,0.028246719390153885,0.4364724028455131,0.8403861816204793,0.285148834965693,0.1480981067175506
111.0,-0.4812966585159302,-0.7749204635620117,1.8838242292404175,0.11476651579141617,0.900448739528656,-1.043473720550537,0.8748652338981628,-0.12200003117322922,0.019174298271536827,0.39972582576136967,0.8418151918878347,0.3276581932575573,0.15558456002262078
112.0,-0.45912817120552063,-0.8242521286010742,1.9722216129302979,-0.11117975413799286,0.9738271236419678,-0.7601112723350525,0.8556360602378845,-0.1020163744688034,0.013589968904852867,0.48432174726088256,0.7882774421985436,0.3233802631102163,0.19868649848908962
113.0,-0.34379807114601135,-0.7964064478874207,1.8965214490890503,0.10489284992218018,1.3828096389770508,-0.45392730832099915,0.8670879006385803,-0.06630982458591461,0.004505413118749857,0.6403795805713949,0.7406814442235613,0.15374198811823833,0.13292250396210262
114.0,-0.35477152466773987,-0.7907754778862,1.904383659362793,0.12926089763641357,1.4197882413864136,-0.41633304953575134,0.8526610732078552,-0.07676232606172562,-0.0004885540693067014,0.664926896785772,0.7251492129444832,0.13191093206651178,0.12095597090753213
115.0,-0.3530459403991699,-0.7882412672042847,1.8927463293075562,0.14540469646453857,1.4206349849700928,-0.42292776703834534,0.858490526676178,-0.07752825319766998,0.0016305088065564632,0.6625534493151627,0.7281220267233418,0.12993252723246257,0.11823188811762601
116.0,-0.32831400632858276,-0.7901497483253479,1.8910486698150635,0.14189377427101135,1.4393502473831177,-0.367647260427475,0.861777663230896,-0.05985113978385925,0.0028628362342715263,0.6745588844566051,0.7170987757816649,0.1277051107286368,0.1201293547259988
117.0,-0.31809940934181213,-0.7935319542884827,1.9114288091659546,0.12003477662801743,1.4526320695877075,-0.3286241292953491,0.8501887321472168,-0.04918375611305237,-0.0013356026029214263,0.6854931221413811,0.7066533917327674,0.12584600184951136,0.12207762804023577
118.0,-0.32993006706237793,-0.7930039763450623,1.9110676050186157,0.12118742614984512,1.4557775259017944,-0.32178863883018494,0.8493664264678955,-0.059685930609703064,-0.0016286757308989763,0.6924093828118164,0.7001540661723085,0.12387724038000392,0.12250697748445684
119.0,-0.31222930550575256,-0.7951873540878296,1.9000194072723389,0.11781982332468033,1.4471403360366821,-0.327604740858078,0.8607133626937866,-0.04661707580089569,0.0024696527980268,0.6821009049565175,0.7079217816306043,0.13197049232737113,0.12715697269643683
120.0,-0.29301878809928894,-0.7969403862953186,1.8986375331878662,0.11217331141233444,1.4578064680099487,-0.29362136125564575,0.863632082939148,-0.032440103590488434,0.003525649895891547,0.6874669238012063,0.7020609273885943,0.13271076260175363,0.12995205424784442
121.0,-0.28572362661361694,-0.7943294048309326,1.9123367071151733,0.11829577386379242,1.4482805728912354,-0.3381245732307434,0.8512657284736633,-0.02092210203409195,-0.0009761793771758676,0.6700695838113133,0.7209403866744437,0.12948837857892692,0.12035145003545915
122.0,-0.27112552523612976,-0.8170839548110962,1.9477245807647705,-0.00788834784179926,1.447498083114624,-0.25050240755081177,0.8519976735115051,-0.008512848988175392,-0.0014375537866726518,0.6856089546308385,0.6907729642207086,0.16304764138787986,0.1618287362293662
123.0,-0.30489060282707214,-0.8224379420280457,1.9757018089294434,-0.05544642359018326,1.4137850999832153,-0.2965606153011322,0.839882493019104,-0.028301171958446503,-0.00635767774656415,0.6752182215241284,0.6954945988667048,0.17628557569637382,0.17114617164994533
124.0,-0.3478434979915619,-0.8508269786834717,2.0670254230499268,-0.37519121170043945,1.2969937324523926,-0.29354047775268555,0.8364202380180359,-0.045090220868587494,-0.015916381031274796,0.6384061960293844,0.6717242434258487,0.27239896599113206,0.25888776137976244
125.0,-0.31066054105758667,-0.8848682641983032,2.1262576580047607,-0.5350242853164673,1.3312348127365112,-0.19975128769874573,0.8270426392555237,-0.015969326719641685,-0.004653675947338343,0.6384561560836175,0.6384685708530515,0.3039203948898564,0.3039144852779928
126.0,-0.27712491154670715,-0.8480438590049744,2.029653310775757,-0.265997052192688,1.3994048833847046,-0.218413844704628,0.8441628813743591,-0.00378365907818079,-0.009036368690431118,0.6674434664269939,0.6672168312386529,0.2337774505359742,0.23385684265522175
127.0,-0.25341466069221497,-0.8342026472091675,1.9992234706878662,-0.13719263672828674,1.4369693994522095,-0.21759973466396332,0.8390329480171204,0.011603713035583496,-0.00792519748210907,0.6792960908288029,0.6803076632503827,0.19474471514160435,0.19445513681033533
128.0,-0.25860390067100525,-0.8668864369392395,1.993687629699707,-0.1308218240737915,1.4273343086242676,-0.21722394227981567,0.8500008583068848,0.005884314421564341,0.02058972418308258,0.6761414571623908,0.6768807813392512,0.20586120161871518,0.2056363378101796
129.0,-0.23766066133975983,-0.8548010587692261,1.954633116722107,-0.026666471734642982,1.4548972845077515,-0.209743469953537,0.8578178882598877,0.01737581565976143,0.026542987674474716,0.6837208422819633,0.6847892004429701,0.17845005845381437,0.17817165157159767
130.0,-0.22063805162906647,-0.8555715680122375,1.9566272497177124,-0.03257061913609505,1.462125301361084,-0.19493630528450012,0.8569124937057495,0.030947966501116753,0.02615470066666603,0.683222850273004,0.6847316888589696,0.17957032614817048,0.17917463298194652
131.0,-0.2080737054347992,-0.8436229228973389,1.9083200693130493,0.045891836285591125,1.4763641357421875,-0.18797147274017334,0.8779280185699463,0.034944530576467514,0.034529589116573334,0.6870443310313924,0.6884434363084525,0.16450776590329172,0.16417343621592376
132.0,-0.22778639197349548,-0.8431769609451294,1.9078551530838013,0.04957528039813042,1.4683953523635864,-0.20519855618476868,0.8782187104225159,0.018941352143883705,0.03466351702809334,0.687489525332829,0.688329991540214,0.16374585488136667,0.16354592722859443
133.0,-0.2571795880794525,-0.8461560606956482,1.9215350151062012,0.030790679156780243,1.4533568620681763,-0.22964321076869965,0.8720285892486572,-0.0028172421734780073,0.03225048631429672,0.6868962452214498,0.687087381138311,0.16748146875347483,0.1674348727277279
134.0,-0.3723742961883545,-0.7272422909736633,1.8411011695861816,0.26470324397087097,0.74660325050354,-1.3115880489349365,0.8865971565246582,-0.008924306370317936,0.022129783406853676,0.24671747439668343,0.8788914646552826,0.39307147480896715,0.11034082143485044
135.0,-0.39491987228393555,-0.7164714932441711,1.869384765625,0.21266840398311615,0.6771635413169861,-1.3098139762878418,0.8708140850067139,-0.014926746487617493,0.009288809262216091,0.24705468592809493,0.8635292185351174,0.42267917746948164,0.12092801094379343
136.0,-0.390322744846344,-0.6553660035133362,1.789289951324463,0.5040632486343384,0.7342241406440735,-1.6611965894699097,0.8837972283363342,-0.022414403036236763,0.00893135741353035,0.14993306895786032,0.9009827102262664,0.4016016420043253,0.06683077020085193
137.0,-0.390193372964859,-0.6540680527687073,1.7846850156784058,0.5055675506591797,0.7495810985565186,-1.6600176095962524,0.8858878016471863,-0.024889905005693436,0.007025148253887892,0.1502843768687546,0.904075594963197,0.39466183363126733,0.0656045862414936
138.0,-0.3785684406757355,-0.6618900299072266,1.7697232961654663,0.5151880979537964,0.7458375096321106,-1.641842246055603,0.8975011110305786,-0.018695328384637833,0.017853209748864174,0.15060636336424596,0.9034095106330754,0.39599357998868434,0.06601563466065913
139.0,-0.3620087206363678,-0.6722966432571411,1.7466524839401245,0.5261592864990234,0.7847817540168762,-1.612786889076233,0.9132052659988403,-0.014158669859170914,0.028148680925369263,0.1527818530474939,0.9109539383321001,0.37789381380223036,0.06337896422801051
140.0,-0.3324216902256012,-0.6899388432502747,1.7164292335510254,0.5391224026679993,0.8977051377296448,-1.5624816417694092,0.9321291446685791,-0.007398057729005814,0.040090080350637436,0.15918990629887603,0.9303776091633241,0.32550600319870443,0.055694882904060744
141.0,-0.3272213339805603,-0.6942656636238098,1.72439706325531,0.529454231262207,0.9560195803642273,-1.551361083984375,0.926190197467804,-0.008124132640659809,0.03523695841431618,0.1627047236906294,0.9391233252054978,0.2981709883032921,0.051658636044353994
142.0,-0.3409990072250366,-0.6874045729637146,1.7420058250427246,0.5248426198959351,0.9190437197685242,-1.5850518941879272,0.914232611656189,-0.011831505224108696,0.02822502702474594,0.1554502978775409,0.9345219663605099,0.3158227585316905,0.052534602624399726
143.0,-0.2525618076324463,-0.8156594634056091,1.815392255783081,0.1982269585132599,1.4770665168762207,-0.23487137258052826,0.9178175926208496,-0.014363468624651432,0.04981960356235504,0.6941198545485355,0.6941200426089116,0.13489811679698707,0.134898080248568
144.0,-0.23429539799690247,-0.809950053691864,1.7967538833618164,0.2257533073425293,1.4873038530349731,-0.21916989982128143,0.9259177446365356,-0.0011216617422178388,0.052819084376096725,0.6952073515759204,0.6952074551620053,0.12917688952478731,0.1291768702773984
145.0,-0.22018879652023315,-0.8048700094223022,1.7807971239089966,0.24907758831977844,1.4950802326202393,-0.20695969462394714,0.9327081441879272,0.009177007712423801,0.055309053510427475,0.6960804311373411,0.6960804581114107,0.12438655558818565,0.12438655076803619
146.0,-0.221177339553833,-0.8168272972106934,1.8177812099456787,0.19260092079639435,1.4881575107574463,-0.20539404451847076,0.9169153571128845,0.012899436987936497,0.049483444541692734,0.6939940718004693,0.6939942687959322,0.13554370810612587,0.1355436696310301
147.0,-0.2080322653055191,-0.8190789818763733,1.824262261390686,0.1808960884809494,1.4914852380752563,-0.19323496520519257,0.9141252040863037,0.02496427856385708,0.048436783254146576,0.6933119150628894,0.6937680399649317,0.13789396157736722,0.1378033037178192
148.0,-0.206801638007164,-0.8280162215232849,1.853278398513794,0.1348172128200531,1.4867109060287476,-0.1905186027288437,0.9017027616500854,0.029439080506563187,0.04374118521809578,0.6912343941586611,0.6920930436229026,0.14706437653105375,0.14688192692236998
149.0,-0.22407782077789307,-0.8342894911766052,1.8756226301193237,0.10141730308532715,1.4761130809783936,-0.20431970059871674,0.8921455144882202,0.017791321501135826,0.04008670523762703,0.6899475063237677,0.6905246149184827,0.15360276008678794,0.1534743848432575
150.0,-0.2414185106754303,-0.8258726596832275,1.8480221033096313,0.14709359407424927,1.4748566150665283,-0.22187907993793488,0.9039390087127686,-0.00034310860792174935,0.04460569843649864,0.6921382176679632,0.6921385352022685,0.1447220697561028,0.1447220033615581
151.0,-0.23892265558242798,-0.8098158240318298,1.8406270742416382,0.2052508145570755,1.3280878067016602,-0.6046345829963684,0.8995416164398193,0.02593819983303547,0.04171064496040344,0.5380947910899294,0.8178395208025778,0.17037292355111308,0.11209630206185152
152.0,-0.26278775930404663,-0.7965149283409119,1.8141913414001465,0.3110080063343048,1.1338081359863281,-1.0425770282745361,0.9038980007171631,0.03261246159672737,0.058605123311281204,0.34920521513207176,0.9043551259290599,0.2288811495225146,0.08837954131839673
153.0,-0.28358760476112366,-0.7655448317527771,1.7579766511917114,0.38749071955680847,1.0267586708068848,-1.2135035991668701,0.9315919876098633,0.02104439213871956,0.06357565522193909,0.2777223575883431,0.9181032745237467,0.2706541831454671,0.08187174451668912
154.0,-0.27200040221214294,-0.7412583827972412,1.7260164022445679,0.45105090737342834,1.1674926280975342,-1.2376383543014526,0.9372725486755371,0.010122042149305344,0.04916127398610115,0.27838622982315747,0.9371244690472705,0.20175875118700726,0.05993532244994381
155.0,-0.25474199652671814,-0.8044570088386536,1.780884027481079,0.2507009208202362,1.4832806587219238,-0.23954467475414276,0.9324254393577576,-0.021163800731301308,0.05520584434270859,0.696046264119033,0.6960462944350939,0.124577597426287,0.12457759200035187
156.0,-0.26846742630004883,-0.8063634037971497,1.7931008338928223,0.2421303242444992,1.4788113832473755,-0.2525753974914551,0.9247115850448608,-0.031228886917233467,0.05239861458539963,0.6960831081140747,0.6960831350008014,0.12437157424559159,0.12437156944164722
157.0,-0.28564611077308655,-0.8095718026161194,1.814213752746582,0.22673389315605164,1.473328948020935,-0.26893144845962524,0.9113511443138123,-0.042505111545324326,0.04753633588552475,0.696145154592735,0.6961451756286319,0.12402382657306202,0.12402382282534867
158.0,-0.30886614322662354,-0.8146581649780273,1.8455125093460083,0.19951041042804718,1.464658498764038,-0.29060670733451843,0.8921551704406738,-0.05652459338307381,0.040547605603933334,0.6959357279187116,0.6959357682047582,0.12519359199675686,0.12519358474960185
159.0,-0.33044588565826416,-0.8171259164810181,1.8686121702194214,0.18259014189243317,1.4579453468322754,-0.3112449645996094,0.876594603061676,-0.06982588022947311,0.034885186702013016,0.6960315427449799,0.6960315741758599,0.12465981842159807,0.12465981279230177
160.0,-0.31750184297561646,-0.8214475512504578,1.8720399141311646,0.16335900127887726,1.4565033912658691,-0.2968686819076538,0.8792287707328796,-0.058833733201026917,0.035809360444545746,0.6947823195194861,0.6947824573419084,0.13144366152012285,0.13144363544594123
161.0,-0.2948377728462219,-0.8151894807815552,1.8369897603988647,0.19877582788467407,1.4669737815856934,-0.2764534056186676,0.8997079133987427,-0.046454813331365585,0.043285075575113297,0.6953846182724776,0.6953847070094608,0.12821923826637263,0.1282192219045109
162.0,-0.29532790184020996,-0.8330168724060059,1.892167568206787,0.10494539886713028,1.4510266780853271,-0.27060359716415405,0.8779264688491821,-0.037720367312431335,0.03505158796906471,0.6913484455774617,0.6913488078381262,0.1484489403682307,0.1484488625823007
163.0,-0.2764486074447632,-0.8318518400192261,1.875011920928955,0.11370287835597992,1.457174301147461,-0.25256699323654175,0.8901320099830627,-0.025424525141716003,0.03944605216383934,0.6909488640435882,0.6909492477237749,0.15029775353338543,0.1502976700738984
164.0,-0.2920707166194916,-0.845106303691864,1.9308562278747559,0.033469416201114655,1.440333604812622,-0.2620631754398346,0.8635356426239014,-0.028788762167096138,0.029295794665813446,0.6877703551356608,0.6877708843776332,0.164230311922652,0.16423018554688312
165.0,-0.2483770102262497,-0.7956834435462952,1.9146491289138794,0.11249790340662003,1.4746406078338623,-0.2655627131462097,0.850111186504364,0.007046448066830635,-0.0013651169138029218,0.6843534144692246,0.7077929742594706,0.12594176482694597,0.12177102104162753
166.0,-0.2102680802345276,-0.7950233817100525,1.8945903778076172,0.12292201817035675,1.4958949089050293,-0.20323854684829712,0.8631526231765747,0.03311687335371971,0.003386783879250288,0.6937927609299759,0.6980757662890354,0.1255681363826489,0.12479772644774456
167.0,-0.19287844002246857,-0.8514931797981262,1.9609061479568481,-0.015541617758572102,1.436645746231079,-0.2532879412174225,0.8482769131660461,0.06015107408165932,0.02327045053243637,0.6530078982057187,0.7167949460610242,0.18075075795354184,0.16466588499608312
168.0,-0.13412857055664062,-0.8368094563484192,1.8480393886566162,0.21121402084827423,1.5834190845489502,0.034742943942546844,0.8859699368476868,0.08130473643541336,0.05938320979475975,0.7533492981605278,0.6343465925247789,0.1116908097028111,0.13264387864192176
169.0,-0.1815413236618042,-0.8211976885795593,1.797402262687683,0.28411799669265747,1.4053083658218384,-0.47433292865753174,0.9165759086608887,0.06195257231593132,0.0700298324227333,0.5769499115831812,0.7979466889063753,0.1413146407228134,0.10217658002151885
170.0,-0.25443512201309204,-0.6982003450393677,1.6326264142990112,0.6181765198707581,1.2259100675582886,-1.517029047012329,0.9702773690223694,0.00924733281135559,0.05627738684415817,0.14966683644434392,0.9736934440430245,0.16982204389725525,0.02610341937245741
171.0,-0.30255210399627686,-0.8122751116752625,1.813309907913208,0.20298239588737488,1.3714808225631714,-0.4758939743041992,0.9200406074523926,-0.04460785165429115,0.05008696764707565,0.6154271508303347,0.7607579137690296,0.1602708629368405,0.1296536507474083
172.0,-0.38635966181755066,-0.8259634971618652,1.8994992971420288,0.04755600541830063,1.1597607135772705,-0.6914483904838562,0.8862565159797668,-0.07698079198598862,0.03296219930052757,0.527737082132873,0.7964143233197641,0.24618299192066143,0.1631310278334417
173.0,-0.39830246567726135,-0.6305317282676697,1.7890058755874634,0.45975539088249207,0.7361165881156921,-1.6347624063491821,0.8820232152938843,-0.029019178822636604,-0.019046105444431305,0.1615448317897047,0.8995739015726546,0.3994065199899886,0.07172513311855817
174.0,-0.4066188633441925,-0.624036967754364,1.805433988571167,0.4633112847805023,0.7315794825553894,-1.6699790954589844,0.8685848712921143,-0.03017311729490757,-0.02520168386399746,0.1546101370270819,0.8995591374289892,0.40261712262320243,0.0691991066928837
175.0,-0.44968894124031067,-0.6442914009094238,1.8976120948791504,0.080094113945961,0.474050909280777,-1.3052865266799927,0.8480607271194458,-0.033705808222293854,-0.04416198283433914,0.2387786373067653,0.8153717906752601,0.5061457961405332,0.14822293475103682
176.0,-0.34459927678108215,-0.8425053358078003,2.2077558040618896,-0.8833233714103699,1.2628719806671143,-0.15722212195396423,0.8168402314186096,-0.02993927150964737,-0.04304751008749008,0.6003514466501575,0.6003514466501576,0.3736015799017224,0.3736015799017224
177.0,-0.38211020827293396,-0.7447685599327087,2.3121988773345947,-1.484107494354248,1.1901118755340576,-0.03102094680070877,0.8068342804908752,-0.04582567885518074,-0.07880064845085144,0.5190161478125415,0.5188991753338907,0.4802404962128271,0.48034877947684607
178.0,-0.4015299677848816,-0.7342226505279541,2.3159003257751465,-1.5289552211761475,1.1699004173278809,-0.02059072256088257,0.8066607117652893,-0.05872071161866188,-0.08137322962284088,0.5120206055873499,0.5119518652003168,0.48768653521256305,0.4877520174681454
179.0,-0.4434693455696106,-0.7699620127677917,2.3104705810546875,-1.447076439857483,0.953697144985199,-0.0541713684797287,0.8032350540161133,-0.06018105521798134,-0.06236642599105835,0.4711680508935114,0.5621788328973956,0.5209134626606079,0.4365830872563286
180.0,-0.47912439703941345,-0.8298949003219604,2.218465805053711,-0.973237931728363,0.8620947003364563,-0.27950215339660645,0.8105178475379944,-0.08138919621706009,-0.03732342645525932,0.4881624216466859,0.6441005660504456,0.4693542156601184,0.35572254798875774
181.0,-0.49677562713623047,-0.8371906280517578,2.1012802124023438,-0.509297788143158,0.8462605476379395,-0.5574549436569214,0.8233800530433655,-0.10140702873468399,-0.013328080996870995,0.48584527923239407,0.7214375341709405,0.40928216409687557,0.2756272103569031
182.0,-0.5067594647407532,-0.8055325150489807,2.1816201210021973,-2.7745909690856934,-0.7527899146080017,1.336715817451477,0.9189668893814087,-0.15144497156143188,0.011803293600678444,0.15814435923683992,0.9009816294991494,0.39792469842732264,0.06984553907123213
183.0,-0.4769517183303833,-0.8338845372200012,2.1031672954559326,-2.549820899963379,-0.8453127145767212,1.1477919816970825,0.9523909091949463,-0.15065255761146545,0.02261839248239994,0.07624848816191498,0.9233782245532585,0.3749668104847167,0.030963099147418603
184.0,-0.4595920443534851,-0.840708315372467,2.0341808795928955,-2.3173716068267822,-0.8530011773109436,0.9411172270774841,0.9737706780433655,-0.1444496512413025,0.02749301679432392,0.0,0.916319283277819,0.40044846246829824,0.0
185.0,-0.5078528523445129,-0.783542811870575,1.948002815246582,-1.9255118370056152,-0.6553052067756653,0.6467990279197693,0.9789968132972717,-0.1748126745223999,-0.004873750265687704,-4.985101440951649e-06,0.8427022022411447,0.5383799757633361,-3.184848539920109e-06
186.0,-0.5044299364089966,-0.7668122053146362,1.9116452932357788,-1.8495895862579346,-0.6272358298301697,0.603014349937439,0.9945095777511597,-0.1767382025718689,-0.009210416115820408,-4.14116969417133e-05,0.8307310170197441,0.5566740292813636,-2.7750036728253177e-05
187.0,-0.49562448263168335,-0.7456437349319458,1.857199788093567,-1.7592012882232666,-0.596032440662384,0.5593557953834534,1.0213080644607544,-0.17849931120872498,-0.011380086652934551,-0.00010647747388997684,0.8181308706677134,0.575032052604189,-7.483882680264886e-05
188.0,-0.5022152066230774,-0.7442485094070435,1.8681095838546753,-1.7416223287582397,-0.5930432081222534,0.5324451327323914,1.009448528289795,-0.17907705903053284,-0.016695566475391388,-7.013240721686873e-05,0.8135459150672502,0.5815006763933677,-5.012875501249767e-05
189.0,-0.4916374087333679,-0.7313137650489807,1.8244467973709106,-1.6950385570526123,-0.5765103697776794,0.5225165486335754,1.0352593660354614,-0.17962953448295593,-0.014080806635320187,-0.00013608032277126592,0.8089018084862211,0.5879437353411465,-9.890887979792517e-05
190.0,-0.48751601576805115,-0.7024862170219421,1.7674758434295654,-1.5578798055648804,-0.5422207117080688,0.4311935007572174,1.053883671760559,-0.1816703826189041,-0.022216778248548508,-0.0001662240826051088,0.7887256830002765,0.6147452745325573,-0.00012955768105029445
191.0,-0.49586620926856995,-0.6771330237388611,1.7458924055099487,-1.4157012701034546,-0.5223202109336853,0.3036653697490692,1.0425570011138916,-0.18340575695037842,-0.03836884722113609,-0.0001185795794850624,0.7647336463157041,0.6443465109311086,-9.99123508496802e-05
192.0,-0.5068100690841675,-0.644797146320343,1.7250542640686035,-1.2503547668457031,-0.5131520628929138,0.14853321015834808,1.0235850811004639,-0.18461951613426208,-0.05820147320628166,-5.451048006261333e-05,0.7359019079111778,0.6770881600248784,-5.0153968463322245e-05
193.0,-0.5122570991516113,-0.629115104675293,1.7211776971817017,-1.1948809623718262,-0.5145224332809448,0.08958262205123901,1.0128690004348755,-0.18485960364341736,-0.06950491666793823,0.0,0.7247447142699197,0.6890174882670342,0.0
194.0,-0.5335397124290466,-0.6561889052391052,1.8023316860198975,-1.2899880409240723,-0.5265164971351624,0.12457963824272156,0.9702167510986328,-0.1847069412469864,-0.07054039090871811,0.00421781072206635,0.7321206083653096,0.681150663055769,0.0039241684734864024
195.0,-0.5475029349327087,-0.6392160654067993,1.8088898658752441,-1.2015851736068726,-0.5450892448425293,0.02728923037648201,0.9429976940155029,-0.18498456478118896,-0.08208940178155899,0.0009408678311524657,0.7129310115235341,0.7012329364453513,0.0009254296216618435
196.0,-0.5254428386688232,-0.6951691508293152,1.8469939231872559,-1.5122073888778687,-0.525100827217102,0.31519874930381775,0.9828991889953613,-0.18322321772575378,-0.05359215661883354,0.010989964251840784,0.7669853507728943,0.6415046374873771,0.009191978443862964
197.0,-0.5256051421165466,-0.7724735736846924,2.001589775085449,-2.0257606506347656,-0.6093897819519043,0.697868824005127,0.9546815156936646,-0.1751091480255127,-0.023194167762994766,0.03005089443827174,0.8388815663063605,0.5431354396133561,0.019456507673624373
198.0,-0.43481168150901794,-0.7919614315032959,1.9235235452651978,-2.292163372039795,-0.8613246083259583,0.9821834564208984,1.047372817993164,-0.15400952100753784,0.01939968578517437,0.0,0.9208056749692777,0.39002167753135614,0.0
199.0,-0.4403158724308014,-0.766093373298645,1.869917392730713,-2.179311513900757,-0.7810274362564087,0.9204960465431213,1.0711464881896973,-0.1613580584526062,0.011974714696407318,0.0,0.8998341595550606,0.43623214610782357,0.0
200.0,-0.45100316405296326,-0.7654327154159546,1.8672207593917847,-2.0564489364624023,-0.6984021663665771,0.8245784044265747,1.0603865385055542,-0.15890416502952576,0.010495543479919434,-0.00031005564746354464,0.8731435525100734,0.4874630351238572,-0.00017309945601849336
201.0,-0.3799494206905365,-0.8217853903770447,1.9399698972702026,-2.4783928394317627,-1.0885785818099976,1.138884425163269,1.0602513551712036,-0.1299293488264084,0.04528670758008957,0.0,0.966021718830853,0.25846090371095676,0.0
202.0,-0.4835837185382843,-0.5941048860549927,1.586808204650879,-0.9927033185958862,-0.4835837185382843,-1.0116386200964556e-10,1.0783710479736328,-0.1850000023841858,-0.05077142268419266,0.0,0.7071067811865475,0.7071067811865476,0.0
203.0,-0.49097999930381775,-0.5921075940132141,1.6217540502548218,-1.0603786706924438,-0.49117639660835266,0.027100833132863045,1.0608794689178467,-0.18498843908309937,-0.06865043938159943,0.0,0.7122123766970369,0.7019640521277127,0.0
204.0,-0.4811997413635254,-0.6175134778022766,1.6371002197265625,-1.2165547609329224,-0.48925501108169556,0.17435570061206818,1.0819568634033203,-0.18453378975391388,-0.05577815696597099,0.0,0.7389084517388841,0.6738058325280697,0.0
205.0,-0.1228768602013588,-0.8609302043914795,1.9719810485839844,-2.682001829147339,-1.570777177810669,1.447919487953186,1.061217188835144,0.07147067785263062,0.08277200907468796,-3.7424794052971087e-13,0.9999999969674689,4.805535510492416e-09,7.787851040150547e-05
206.0,-0.12516488134860992,-0.8673151731491089,1.9901220798492432,-2.6949007511138916,-1.570633053779602,1.445631504058838,1.049763560295105,0.07052620500326157,0.08277188241481781,-2.171447838701611e-11,0.9999997862303289,3.320942064240002e-08,0.0006538648906607611
207.0,-0.12340575456619263,-0.8738894462585449,2.009192705154419,-2.708906888961792,-1.5704479217529297,1.4473910331726074,1.0374019145965576,0.07391922175884247,0.08277155458927155,-1.2343793853514225e-10,0.9999989997809944,8.727417892530442e-08,0.0014143680580033877
208.0,-0.12806636095046997,-0.8913166522979736,2.0608532428741455,-2.746835231781006,-1.5699585676193237,1.4427326917648315,1.0041933059692383,0.07347887754440308,0.08276963233947754,-6.630478017711557e-10,0.9999946272794111,2.0226978365250779e-07,0.0032780195653143046
209.0,0.1374996453523636,-0.6712881922721863,1.746629238128662,-1.0842838287353516,-3.0039801597595215,-0.00885829422622919,0.9856154918670654,0.18499991297721863,-0.028098609298467636,0.7075403602461444,-3.801059784264623e-05,-3.796399669469241e-05,0.7066729340626294
210.0,0.14663733541965485,-0.6799699068069458,1.8399512767791748,-1.159981369972229,-2.99495530128479,-5.584819717796563e-09,0.9216099381446838,0.1850000023841858,-0.0490696057677269,0.7071067811865475,0.0,0.0,0.7071067811865476
